<?xml version="1.0" encoding="utf-8"?>
<!DOCTYPE dotfuscatorMap SYSTEM "http://www.preemptive.com/dotfuscator/dtd/dotfuscatorMap_v1.1.dtd">
<dotfuscatorMap version="1.1">
    <header>
        <timestamp>2012-05-17T12:18:50</timestamp>
        <product version="5.0.2300.0" user="未注册 " serial="000-00-000-391">Dotfuscator Community Edition</product>
    </header>
    <mapping>
        <module>
            <name>CommandEngine.dll</name>
            <type>
                <name>motion.SocketClient</name>
                <newname>a</newname>
                <methodlist>
                    <method>
                        <signature>void()</signature>
                        <name>.ctor</name>
                    </method>
                    <method>
                        <signature>void(System.Net.Sockets.Socket)</signature>
                        <name>Connect</name>
                        <newname>a</newname>
                    </method>
                    <method>
                        <signature>void(object, System.Net.Sockets.SocketAsyncEventArgs)</signature>
                        <name>SendOrReceiveCompleted</name>
                        <newname>a</newname>
                    </method>
                </methodlist>
                <fieldlist />
            </type>
            <type>
                <name>Sock_Conn.StateObject</name>
                <methodlist>
                    <method>
                        <signature>void()</signature>
                        <name>.ctor</name>
                    </method>
                </methodlist>
                <fieldlist>
                    <field>
                        <signature>unsigned int8[]</signature>
                        <name>buffer</name>
                    </field>
                    <field>
                        <signature>int32</signature>
                        <name>BufferSize</name>
                    </field>
                    <field>
                        <signature>System.Text.StringBuilder</signature>
                        <name>sb</name>
                    </field>
                    <field>
                        <signature>System.Net.Sockets.Socket</signature>
                        <name>workSocket</name>
                    </field>
                </fieldlist>
            </type>
            <type>
                <name>WIFIRobotCMDEngineV2.CheckStr</name>
                <methodlist>
                    <method>
                        <signature>void()</signature>
                        <name>.cctor</name>
                    </method>
                </methodlist>
                <fieldlist>
                    <field>
                        <signature>string</signature>
                        <name>str</name>
                    </field>
                </fieldlist>
            </type>
            <type>
                <name>WIFIRobotCMDEngineV2.RadarData</name>
                <methodlist />
                <fieldlist>
                    <field>
                        <signature>string</signature>
                        <name>Radar_data</name>
                    </field>
                </fieldlist>
            </type>
            <type>
                <name>WIFIRobotCMDEngineV2.Varity</name>
                <newname>b</newname>
                <methodlist>
                    <method>
                        <signature>void()</signature>
                        <name>.ctor</name>
                    </method>
                    <method>
                        <signature>native int(string, string)</signature>
                        <name>FindWindow</name>
                    </method>
                    <method>
                        <signature>native int(native int, native int, string, string)</signature>
                        <name>FindWindowEx</name>
                    </method>
                    <method>
                        <signature>bool()</signature>
                        <name>VarityProgram</name>
                        <newname>a</newname>
                    </method>
                    <method>
                        <signature>bool(object)</signature>
                        <name>VarityProgram</name>
                        <newname>a</newname>
                    </method>
                </methodlist>
                <fieldlist />
            </type>
            <type>
                <name>WIFIRobotCMDEngineV2.WifiRobotCMDEngine</name>
                <methodlist>
                    <method>
                        <signature>void(string)</signature>
                        <name>.ctor</name>
                    </method>
                    <method>
                        <signature>unsigned int8[](unsigned int8, unsigned int8, unsigned int8)</signature>
                        <name>CreateData</name>
                    </method>
                    <method>
                        <signature>void()</signature>
                        <name>GeraReguls</name>
                    </method>
                    <method>
                        <signature>unsigned int8[](string)</signature>
                        <name>HexStringToByteArray</name>
                    </method>
                    <method>
                        <signature>void(string)</signature>
                        <name>InitMainForm</name>
                        <newname>a</newname>
                    </method>
                    <method>
                        <signature>void(int32, string, System.Net.Sockets.Socket, System.IO.Ports.SerialPort)</signature>
                        <name>SendCMD</name>
                    </method>
                    <method>
                        <signature>void(int32, unsigned int8[], System.Net.Sockets.Socket, System.IO.Ports.SerialPort)</signature>
                        <name>SendCMD</name>
                    </method>
                    <method>
                        <signature>void(System.IO.Ports.SerialPort, string)</signature>
                        <name>SendDataInComm</name>
                    </method>
                    <method>
                        <signature>void(System.IO.Ports.SerialPort, unsigned int8[])</signature>
                        <name>SendDataInComm</name>
                    </method>
                    <method>
                        <signature>void(string, System.Net.Sockets.Socket)</signature>
                        <name>SendDataInSocket</name>
                    </method>
                    <method>
                        <signature>void(unsigned int8[], System.Net.Sockets.Socket)</signature>
                        <name>SendDataInSocket</name>
                    </method>
                </methodlist>
                <fieldlist>
                    <field>
                        <signature>bool</signature>
                        <name>Verify</name>
                        <newname>a</newname>
                    </field>
                </fieldlist>
            </type>
            <type>
                <name>WIFIRobotCMDEngineV2.WifiRobotCMDEngine/&lt;&gt;c__DisplayClass2</name>
                <newname>WIFIRobotCMDEngineV2.WifiRobotCMDEngine/a</newname>
                <methodlist>
                    <method>
                        <signature>void()</signature>
                        <name>.ctor</name>
                    </method>
                    <method>
                        <signature>void()</signature>
                        <name>&lt;SendCMD&gt;b__0</name>
                        <newname>d</newname>
                    </method>
                </methodlist>
                <fieldlist>
                    <field>
                        <signature>WIFIRobotCMDEngineV2.WifiRobotCMDEngine</signature>
                        <name>&lt;&gt;4__this</name>
                        <newname>a</newname>
                    </field>
                    <field>
                        <signature>string</signature>
                        <name>CMD_Custom</name>
                        <newname>b</newname>
                    </field>
                    <field>
                        <signature>System.Net.Sockets.Socket</signature>
                        <name>socket</name>
                        <newname>c</newname>
                    </field>
                </fieldlist>
            </type>
            <type>
                <name>WIFIRobotCMDEngineV2.WifiRobotCMDEngine/&lt;&gt;c__DisplayClass6</name>
                <newname>WIFIRobotCMDEngineV2.WifiRobotCMDEngine/b</newname>
                <methodlist>
                    <method>
                        <signature>void()</signature>
                        <name>.ctor</name>
                    </method>
                    <method>
                        <signature>void()</signature>
                        <name>&lt;SendCMD&gt;b__4</name>
                        <newname>d</newname>
                    </method>
                </methodlist>
                <fieldlist>
                    <field>
                        <signature>WIFIRobotCMDEngineV2.WifiRobotCMDEngine</signature>
                        <name>&lt;&gt;4__this</name>
                        <newname>a</newname>
                    </field>
                    <field>
                        <signature>unsigned int8[]</signature>
                        <name>CMD_Custom</name>
                        <newname>b</newname>
                    </field>
                    <field>
                        <signature>System.Net.Sockets.Socket</signature>
                        <name>socket</name>
                        <newname>c</newname>
                    </field>
                </fieldlist>
            </type>
            <type>
                <name>WIFIRobotCMDEngineV2.WifiRobotCMDEngineV2</name>
                <methodlist>
                    <method>
                        <signature>void()</signature>
                        <name>.cctor</name>
                    </method>
                    <method>
                        <signature>void(object)</signature>
                        <name>.ctor</name>
                    </method>
                    <method>
                        <signature>void(WIFIRobotCMDEngineV2.WifiRobotCMDEngineV2/SetRadarValue)</signature>
                        <name>add_Setradarvalue</name>
                    </method>
                    <method>
                        <signature>void(System.IAsyncResult)</signature>
                        <name>ConnectCallback</name>
                        <newname>c</newname>
                    </method>
                    <method>
                        <signature>unsigned int8[](unsigned int8, unsigned int8, unsigned int8)</signature>
                        <name>CreateData</name>
                    </method>
                    <method>
                        <signature>string(string)</signature>
                        <name>Domain2ip</name>
                    </method>
                    <method>
                        <signature>void(int32, System.Drawing.Graphics, int32, int32, int32)</signature>
                        <name>DrawSignal</name>
                    </method>
                    <method>
                        <signature>System.Net.IPEndPoint()</signature>
                        <name>get_IPE</name>
                    </method>
                    <method>
                        <signature>System.Net.Sockets.Socket()</signature>
                        <name>get_SOCKET</name>
                    </method>
                    <method>
                        <signature>unsigned int8[](string)</signature>
                        <name>HexStringToByteArray</name>
                    </method>
                    <method>
                        <signature>void(object)</signature>
                        <name>InitMainForm</name>
                        <newname>a</newname>
                    </method>
                    <method>
                        <signature>void(System.IAsyncResult)</signature>
                        <name>ReceiveCallback</name>
                        <newname>b</newname>
                    </method>
                    <method>
                        <signature>void(WIFIRobotCMDEngineV2.WifiRobotCMDEngineV2/SetRadarValue)</signature>
                        <name>remove_Setradarvalue</name>
                    </method>
                    <method>
                        <signature>void(System.IAsyncResult)</signature>
                        <name>SendCallback</name>
                        <newname>a</newname>
                    </method>
                    <method>
                        <signature>void(int32, string, System.IO.Ports.SerialPort)</signature>
                        <name>SendCMD</name>
                    </method>
                    <method>
                        <signature>void(int32, unsigned int8[], System.IO.Ports.SerialPort)</signature>
                        <name>SendCMD</name>
                    </method>
                    <method>
                        <signature>void(System.IO.Ports.SerialPort, string)</signature>
                        <name>SendDataInComm</name>
                    </method>
                    <method>
                        <signature>void(System.IO.Ports.SerialPort, unsigned int8[])</signature>
                        <name>SendDataInComm</name>
                    </method>
                    <method>
                        <signature>void(int32, System.IO.Ports.SerialPort)</signature>
                        <name>SendHeartCMD</name>
                    </method>
                    <method>
                        <signature>void(System.Net.IPEndPoint)</signature>
                        <name>set_IPE</name>
                    </method>
                    <method>
                        <signature>void(System.Net.Sockets.Socket)</signature>
                        <name>set_SOCKET</name>
                    </method>
                    <method>
                        <signature>bool()</signature>
                        <name>SocketConnect</name>
                    </method>
                    <method>
                        <signature>void(System.Drawing.Bitmap, string, string)</signature>
                        <name>TakePhoto</name>
                    </method>
                    <method>
                        <signature>void()</signature>
                        <name>targett</name>
                        <newname>a</newname>
                    </method>
                </methodlist>
                <fieldlist>
                    <field>
                        <signature>System.Threading.ManualResetEvent</signature>
                        <name>connectDone</name>
                        <newname>a</newname>
                    </field>
                    <field>
                        <signature>System.Net.IPEndPoint</signature>
                        <name>ipe</name>
                        <newname>g</newname>
                    </field>
                    <field>
                        <signature>string</signature>
                        <name>radardata</name>
                        <newname>e</newname>
                    </field>
                    <field>
                        <signature>System.Threading.ManualResetEvent</signature>
                        <name>sendDone</name>
                        <newname>b</newname>
                    </field>
                    <field>
                        <signature>WIFIRobotCMDEngineV2.WifiRobotCMDEngineV2/SetRadarValue</signature>
                        <name>Setradarvalue</name>
                        <newname>d</newname>
                    </field>
                    <field>
                        <signature>System.Net.Sockets.Socket</signature>
                        <name>socket</name>
                        <newname>h</newname>
                    </field>
                    <field>
                        <signature>System.Threading.ManualResetEvent</signature>
                        <name>TimeoutObject</name>
                        <newname>c</newname>
                    </field>
                    <field>
                        <signature>WIFIRobotCMDEngineV2.Varity</signature>
                        <name>v</name>
                        <newname>f</newname>
                    </field>
                    <field>
                        <signature>bool</signature>
                        <name>Verify</name>
                        <newname>i</newname>
                    </field>
                </fieldlist>
            </type>
            <type>
                <name>WIFIRobotCMDEngineV2.WifiRobotCMDEngineV2/&lt;&gt;c__DisplayClass2</name>
                <newname>WIFIRobotCMDEngineV2.WifiRobotCMDEngineV2/c</newname>
                <methodlist>
                    <method>
                        <signature>void()</signature>
                        <name>.ctor</name>
                    </method>
                    <method>
                        <signature>void()</signature>
                        <name>&lt;SendCMD&gt;b__0</name>
                        <newname>c</newname>
                    </method>
                </methodlist>
                <fieldlist>
                    <field>
                        <signature>WIFIRobotCMDEngineV2.WifiRobotCMDEngineV2</signature>
                        <name>&lt;&gt;4__this</name>
                        <newname>a</newname>
                    </field>
                    <field>
                        <signature>string</signature>
                        <name>CMD_Custom</name>
                        <newname>b</newname>
                    </field>
                </fieldlist>
            </type>
            <type>
                <name>WIFIRobotCMDEngineV2.WifiRobotCMDEngineV2/&lt;&gt;c__DisplayClass6</name>
                <newname>WIFIRobotCMDEngineV2.WifiRobotCMDEngineV2/b</newname>
                <methodlist>
                    <method>
                        <signature>void()</signature>
                        <name>.ctor</name>
                    </method>
                    <method>
                        <signature>void()</signature>
                        <name>&lt;SendCMD&gt;b__4</name>
                        <newname>c</newname>
                    </method>
                </methodlist>
                <fieldlist>
                    <field>
                        <signature>WIFIRobotCMDEngineV2.WifiRobotCMDEngineV2</signature>
                        <name>&lt;&gt;4__this</name>
                        <newname>a</newname>
                    </field>
                    <field>
                        <signature>unsigned int8[]</signature>
                        <name>byteData</name>
                        <newname>b</newname>
                    </field>
                </fieldlist>
            </type>
            <type>
                <name>WIFIRobotCMDEngineV2.WifiRobotCMDEngineV2/&lt;&gt;c__DisplayClassa</name>
                <newname>WIFIRobotCMDEngineV2.WifiRobotCMDEngineV2/a</newname>
                <methodlist>
                    <method>
                        <signature>void()</signature>
                        <name>.ctor</name>
                    </method>
                    <method>
                        <signature>void()</signature>
                        <name>&lt;SendHeartCMD&gt;b__8</name>
                        <newname>c</newname>
                    </method>
                </methodlist>
                <fieldlist>
                    <field>
                        <signature>WIFIRobotCMDEngineV2.WifiRobotCMDEngineV2</signature>
                        <name>&lt;&gt;4__this</name>
                        <newname>b</newname>
                    </field>
                    <field>
                        <signature>unsigned int8[]</signature>
                        <name>byteData</name>
                        <newname>a</newname>
                    </field>
                </fieldlist>
            </type>
            <type>
                <name>WIFIRobotCMDEngineV2.WifiRobotCMDEngineV2/SetRadarValue</name>
                <methodlist>
                    <method>
                        <signature>void(object, native int)</signature>
                        <name>.ctor</name>
                    </method>
                    <method>
                        <signature>System.IAsyncResult(string, System.AsyncCallback, object)</signature>
                        <name>BeginInvoke</name>
                    </method>
                    <method>
                        <signature>void(System.IAsyncResult)</signature>
                        <name>EndInvoke</name>
                    </method>
                    <method>
                        <signature>void(string)</signature>
                        <name>Invoke</name>
                    </method>
                </methodlist>
                <fieldlist />
            </type>
        </module>
    </mapping>
    <statistics>
        <statisticline>
            <description>Total Classes</description>
            <statistic>13</statistic>
        </statisticline>
        <statisticline>
            <description>Total Methods</description>
            <statistic>59</statistic>
        </statisticline>
        <statisticline>
            <description>Total Fields</description>
            <statistic>28</statistic>
        </statisticline>
        <statisticline>
            <description>Total Classes Renamed</description>
            <statistic>7</statistic>
            <statistic>53.85%</statistic>
        </statisticline>
        <statisticline>
            <description>Total Methods Renamed</description>
            <statistic>15</statistic>
            <statistic>25.42%</statistic>
        </statisticline>
        <statisticline>
            <description>Total Fields Renamed</description>
            <statistic>22</statistic>
            <statistic>78.57%</statistic>
        </statisticline>
        <statisticline>
            <description>Methods Renamed to 'a'</description>
            <statistic>8</statistic>
            <statistic>13.56%</statistic>
        </statisticline>
        <statisticline>
            <description>Methods Renamed to 'c'</description>
            <statistic>4</statistic>
            <statistic>6.78%</statistic>
        </statisticline>
        <statisticline>
            <description>Methods Renamed to 'd'</description>
            <statistic>2</statistic>
            <statistic>3.39%</statistic>
        </statisticline>
        <statisticline>
            <description>Methods Renamed to 'b'</description>
            <statistic>1</statistic>
            <statistic>1.69%</statistic>
        </statisticline>
    </statistics>
</dotfuscatorMap>